0;9326871
1;9332898
2;9338446
3;9338454
4;9338462
5;9338489
6;9338497
7;9338519
8;9338527
9;9338543
10;9414649
11;9416994
12;admars
13;ahodki
14;ajflem
15;ajones
16;ajsega
17;akatsi
18;ambarw
19;asheal
20;bplyce
21;cchris
22;ccjame
23;cferdo
24;cgboyc
25;cjcarr
26;cjdenn
27;cjsake
28;cmkirk
29;csanch
30;cshubb
31;cwchoi
32;dagran
33;dakram
34;dcbowe
35;dioann
36;djbirc
37;djhugh
38;djmart
39;dmwest
40;gdhatc
41;ggeorg
42;ggrego
43;gjhero
44;gjnorm
45;gmwate
46;gpapaz
47;gpsmit
48;gsreas
49;irdrew
50;jabins
51;jagrif
52;jcarte
53;jdbenm
54;jgloma
55;jlemon
56;jmedin
57;jrtobi
58;kaatki
59;kdjone
60;khchan
61;khughe
62;kjwith
63;lejnno
64;maasht
65;mberdo
66;mdpove
67;mefait
68;mhwill
69;miaduc
70;mjhans
71;mpetti
72;muthay
73;nahaig
74;namull
75;ndbank
76;ndhagu
77;nhrams
78;njmoor
79;npbour
80;npmitc
81;nrclar
82;nrrbar
83;nwilli
84;ohpark
85;pacole
86;pmives
87;pshurr
88;pspliu
89;ptnich
90;rarobi
91;rgharr
92;rgspru
93;rjlabr
94;rlocke
95;rmcoll
96;rmpugh
97;rnpwil
98;rrowle
99;rsanti
100;saduah
101;saedwa
102;sidick
103;sjbeck
104;skumar
105;smrobb
106;spletc
107;svkriz
108;swewin
109;swsmit
110;vpsavo
111;whussa
112;wjalbe
